BookID,Title,Author,Genre,BorrowDate,ReturnDate
c70ffc72-1789-4d3c-a6db-e11c675bb85e,Develop agree customer point.,Lisa Cooper,History,2022-07-23,2022-08-14
951ea0ec-90ec-43b3-ab1e-d168d79c48e4,Mother image be control.,Ryan Moreno,Science Fiction,2023-02-21,2023-03-31
7898d5f3-cbb1-437f-89c2-d3ee2d5c4db5,To experience interesting along.,Sherry Barker,Science Fiction,2022-03-26,2022-04-22
6e885a3b-ef7c-4019-b3c7-3382d789b198,Including Mrs doctor media.,Mary Nichols,Fiction,2023-08-20,2023-09-16
aea3381a-c4d9-4b9c-a59f-fe3f0ae406f8,Glass foreign laugh.,Anna Gordon,Children,2023-10-27,2023-11-02
401eff0a-c94f-47f2-99fc-0a3ef7885348,Resource program among natural those.,Joseph Bean,Fiction,2023-04-06,2023-05-07
f56c66e9-9ea9-484c-ad3b-86ce0a371830,Keep behind candidate.,Dr. Jeffrey Brown,Fiction,2023-01-26,2023-02-10
9a3dee9e-10db-4ae2-b359-91c6c10a0035,Exist understand impact.,Holly Woods,Mystery,2022-09-09,2022-10-07
83803742-b572-448d-8f23-7b4ff7a750c8,I especially radio.,William Bruce,Children,2022-05-22,2022-07-06
df8701b4-625d-43b8-9282-b45a6b5f2566,Event read a sound.,Amber Lynch,Biography,2022-12-02,2022-12-09
78aff6da-002b-4820-89ad-c0fac9ec4510,Get human in.,William Glenn,Children,2023-01-12,2023-03-01
9b984376-b431-466b-8e29-9c7f2a0c6a0a,Point generation marriage.,Eric Huang,Mystery,2022-06-18,2022-07-20
78ed1289-6ab4-4b51-ab60-f7c74684acaf,Wall beyond sit.,Mr. James Thomas,History,2022-06-28,2022-08-18
c91ed819-59f9-4c29-8cda-e54ebfdf911c,Tonight better blood.,Danielle Murphy,Mystery,2024-01-18,2024-02-20
15a494a1-4c3a-4abf-92fb-ad914a24c38b,Skill anyone interesting.,Dr. Cynthia Black,History,2022-05-02,2022-05-24
be2fcfa7-ec33-430a-b0ab-3b609978fbde,Day military.,Stephen Webb,Science Fiction,2022-08-28,2022-08-30
2cb4e0aa-4042-4716-bb77-be78ab7db125,Southern artist.,Mrs. Isabella Copeland,Mystery,2022-09-06,2022-10-30
5a387bd0-07f1-4fbf-a53b-a74a8cdb345d,Education give.,Derrick Sanders,Mystery,2022-02-28,2022-03-14
ac02e102-499a-458b-b1c8-f612dcc1de96,Movement water very.,Joe Johnson,Science Fiction,2022-11-14,2022-12-04
1ccbf54e-de37-4873-8b85-7b311ff3a6c6,Outside relate play.,Ashley Garcia,Children,2023-10-15,2023-11-04
499eea07-b2a6-45ea-8a4e-7dfbac4aad0c,No energy sister.,Robert Jones DVM,Non-Fiction,2022-06-06,2022-07-26
2355bdc9-0d93-4df6-a56b-76230e1ccfa3,Short beautiful imagine assume religious.,Curtis Poole,Biography,2023-04-05,2023-04-30
89532f34-5c0d-4376-9fde-9e8cd6edebc0,Rather again carry area public.,Jay Rodriguez,Children,2024-01-13,2024-03-13
825ad0cb-53e4-4a53-bdd7-b07ff077fbde,Party matter relationship about game.,Jamie Clark,Fantasy,2022-02-18,2022-02-25
65b05042-2084-4a41-b9b9-7d733630dca2,Education wind able rest television.,Lisa Bishop,Fantasy,2023-05-04,2023-05-31
2218df3f-a4f1-4f3c-98eb-490f431383e4,Church worker.,Duane Campbell,Fiction,2023-05-03,2023-05-07
1bcac93c-bab8-44db-878a-7ed31cfc44f1,Tough goal part class.,David Gilbert,Mystery,2023-07-23,2023-07-29
e6f20cb8-467b-455a-a21f-6a863fb3744a,Leader power million arm.,Matthew Dunn,Biography,2022-09-22,2022-10-19
537c3492-6298-496b-bd6d-d27f429ec5a2,Marriage maybe by population.,Michelle Torres,Fiction,2022-05-04,2022-06-23
9dadd2a5-b9d8-47a0-abe3-e04d7b69890c,We PM follow man.,Austin Rogers,Mystery,2023-04-09,2023-04-25
88755c06-7cc2-47b5-b52d-7bc125cfb71d,Home the dark present.,Andrew Jones,Fiction,2023-07-12,2023-07-24
eb9ce72e-31e9-4ab4-a0a0-b5d5d78f4537,Behavior travel health alone.,Jose Cole,Children,2024-01-02,2024-01-24
4953edc0-00bf-4520-b585-456233c4a836,Century cold same use energy.,Kristen Munoz,Non-Fiction,2023-06-05,2023-07-26
4d445c4f-ec14-435c-a0c2-cf4ac2637271,Yourself here play.,David Taylor,History,2022-05-29,2022-07-10
a4a7762f-0cc2-48c2-af90-a617568b59b4,Answer traditional.,Kevin Collins,History,2023-09-13,2023-10-12
bde1ec09-ab82-489b-a594-a5c91a707573,Culture season.,Brent Patterson,History,2022-04-03,2022-04-25
081244b0-18ab-4269-acb4-168e50a0a804,Travel power food.,Melinda Tran,Biography,2023-09-17,2023-10-14
0d02afb7-50a8-4abb-8664-b51a21d0d825,Above which politics meeting.,Mike Harris,Mystery,2024-01-16,2024-03-08
97001b62-3c9d-4fde-affa-c8e5b4157d0b,Along American leg.,Robert Robinson,Science Fiction,2022-07-19,2022-08-13
59837797-1077-4207-a2d9-3f7cd16fa4ad,Involve wife much about.,Melissa Ward,Fantasy,2022-05-28,2022-06-26
aaf9bc9e-8a54-4120-a7a0-7c4bcc59e9c5,Region few maintain.,Cynthia Harmon,History,2023-08-23,2023-09-12
0f107710-29d2-4d09-b45d-be2a493a66ba,Detail here my.,Charles Brown,Children,2024-01-21,2024-03-05
2cb51a0a-edd0-468d-8f05-0e0c3aa029a0,Whether many.,Larry Brown,Biography,2022-04-16,2022-05-18
44cb91a3-e359-4204-bf5f-8e4e40c7098b,Nothing out.,Emily Harris,Science Fiction,2022-04-02,2022-04-22
44284b95-5465-4dad-9684-67609610736e,Line wonder collection.,Joshua Delgado,Non-Fiction,2022-11-17,2022-12-02
02d3abfa-3a22-4000-904e-b276fb3fe266,Simple manager pick central.,Christopher Hill,History,2022-04-28,2022-05-25
ea2265b1-0e47-4bb3-bb1a-8c82d7381ecc,Make off heart chance.,Chelsea Cisneros,Children,2022-03-26,2022-04-02
d9debc8e-98e5-436e-8e56-7c9c0cbaed85,Throw son through radio decade.,Amanda Coleman,Fantasy,2022-02-04,2022-03-06
92b1c593-0b8e-4ce3-bd11-8b0f255e7916,Manage state leader.,Dawn Norman,Mystery,2023-03-07,2023-03-17
287fb653-01f6-41aa-bc51-7116396a4728,Laugh Mrs.,Tim Mitchell,Science Fiction,2023-02-19,2023-04-14
328207a1-73a2-48d7-a208-4c1e3bac6b13,Sport nature soon.,Melissa Matthews,Mystery,2023-03-09,2023-03-31
1f6294aa-b765-4977-8240-c6dc89a16676,Education final pass small trip.,Austin Estrada,Mystery,2023-11-09,2023-11-11
86c76282-e1d1-4c10-b21e-b75b7d784d34,Clearly entire list either.,Ashley Gordon,Biography,2023-03-01,2023-04-29
c87a1685-402b-4e24-a4be-1829b5ae77c3,Adult yet strategy focus.,Russell Lindsey,Non-Fiction,2023-09-06,2023-10-22
70f65a1c-0174-41a0-898c-b93d237e3474,Tax finish position democratic race.,Nicole Davis,History,2023-02-20,2023-04-11
f4e6c4cc-29f9-4e9a-b235-031bd0df3e5b,Budget store.,Nathan Bradley,Science Fiction,2022-03-20,2022-04-21
3d384cf6-0435-400c-9868-be75b2666c76,In else since.,Jody Molina,Fantasy,2022-02-27,2022-04-12
d4857a93-c9d5-4562-a87a-ecc31e935d26,Result defense training.,Mark Bennett,Fiction,2023-06-10,2023-06-27
dfaa3b00-6b9e-4979-9194-61b162fe3d34,If night face somebody.,Cynthia Smith,Science Fiction,2022-12-15,2023-01-05
24cb1f11-1cfa-4890-a773-f04564f0d426,Many wife stage.,Nathaniel Young,Biography,2022-03-04,2022-04-22
ed487508-f144-4730-90a3-6cc444b48428,Clear maintain page as threat.,Anthony Hebert,Science Fiction,2022-05-31,2022-07-26
0ea09d8e-b138-451f-b518-814ab786c57c,Party be here prevent scientist.,Sean Parker,Children,2023-09-25,2023-11-12
e36c9578-d780-4aff-ba3d-849776291b6d,Clear true story.,Alexa Pearson,Non-Fiction,2022-08-20,2022-09-04
38327d34-a605-4f82-9be9-5fc30b9cc367,Enter water away.,Samantha Hoover,Science Fiction,2022-09-09,2022-09-10
fdc4c230-65ef-4d19-84ac-02cb22d120bc,Woman admit control reach.,Jackson Edwards,Mystery,2022-09-25,2022-10-05
ef36da61-085f-4d3c-a0d5-49c025fb2f6c,Focus type environment worry.,Jennifer Roberts,History,2023-08-07,2023-09-20
a8533325-55a1-4f0c-960d-1257a86a80d9,Discuss more bar capital necessary.,Jason Contreras,History,2023-06-07,2023-08-02
52f35f5d-33cb-450c-bfa7-a657712a665c,Paper product.,Joseph Freeman,Non-Fiction,2023-07-20,2023-08-06
8b04b39b-0e38-4c20-b079-38119f105258,Heavy direction imagine.,Sheena Butler,Biography,2023-02-26,2023-03-23
47975d52-8e18-44e7-aacb-ff0da7cc6826,Home condition carry former.,Jordan Hunter,Children,2022-10-01,2022-11-19
c50f6677-84ce-4c5e-ba04-c3879fa6d203,Newspaper your opportunity.,Audrey Rodriguez,Science Fiction,2023-05-03,2023-06-25
63e2482f-a8d8-40eb-998e-9aae44b01852,Cup range order PM move.,Renee Graham,Fiction,2023-10-12,2023-11-05
f37a4909-67ea-4014-a09a-e349609ba160,Blood cost really.,Lisa Brown,Children,2022-05-06,2022-05-12
900d7601-5800-4d7d-815c-1df3060c24a5,Dog out religious.,Jason Gonzalez,Fantasy,2022-08-02,2022-09-28
cd9d9751-d978-459e-b39d-b0afaa9c427e,Pressure action.,Robert Clark,Children,2022-08-13,2022-09-13
ee2a9b5d-c0ca-4a4c-8a50-9b2c358252c1,Its include some.,Beth Austin,History,2023-08-03,2023-09-26
ad6e8aa1-95f0-48eb-b452-223aa421d155,Mission commercial however military analysis.,Felicia Wilson,Non-Fiction,2022-03-28,2022-04-11
06f4886f-9949-43ef-961d-ec5573d1e728,Program Congress.,Valerie Lee,Science Fiction,2022-10-18,2022-11-27
8cb52054-bcd9-4ac3-923e-5d3747ec8abe,Where seek.,Jeffrey Hill,Science Fiction,2022-10-31,2022-11-09
a9e9918c-5ef7-41ba-ab2c-c033b98bae1a,Music gas road beautiful fill.,Michael Collins,Science Fiction,2023-02-27,2023-04-19
50ac3576-806b-4eec-9d1f-d08965a2b82b,Five line thus serious.,Amber Wells,Fiction,2022-10-18,2022-10-19
87395a4d-aad5-4dfc-86c1-970ce6f1ec96,Others protect hair.,Maria Rodgers,Mystery,2023-08-22,2023-08-29
ca4e94b0-c468-4887-9d5b-ad7af073fcc9,Pass actually network central animal.,Ashley Johnston,Fiction,2022-05-17,2022-06-09
2f0beed1-1f7f-481e-8891-fdf005f29c94,Relationship leader.,Danielle Vega,Children,2022-10-08,2022-11-18
330ad81e-87e9-478f-8301-0bc729b02348,Age table far travel.,Ana Baker,History,2023-04-25,2023-06-20
7f4f113b-3947-4f46-9c1c-3d108b2c6080,Mission already.,Rachel Martinez,Biography,2023-07-23,2023-08-09
39c26138-115a-42bc-be7c-0b1d97bd592e,Cause everything trouble statement.,Alex Jacobs,Fantasy,2023-03-23,2023-04-22
97a9ba16-a0af-418b-9843-f2658c390f0c,Professor especially place pressure.,David Perez,Non-Fiction,2022-04-30,2022-05-01
1725a150-c0ba-40b0-a698-13ff56054be9,Health most shoulder.,Anthony Lloyd,Biography,2022-06-19,2022-07-21
96c30aa6-a67a-4543-9319-851e3bd4ac6f,North center news.,Kyle Ross,Biography,2022-06-22,2022-07-21
3dd5fbd0-a29a-47c2-b60c-d6680b640404,Subject threat own number.,Paul Romero,Non-Fiction,2023-09-05,2023-10-30
4e1a9113-a022-453a-987d-58e181af7eb8,Finally successful.,William Higgins,Non-Fiction,2023-07-02,2023-07-24
b3749e84-39be-4891-999e-82b8866a158a,Peace care.,Raymond Colon MD,Mystery,2023-02-19,2023-04-12
9252abef-53b1-4bb2-84e2-692533c1f500,Parent sister return structure his.,Kayla Sutton,Science Fiction,2022-09-11,2022-09-22
292b3c04-a924-4c49-8251-81fbd12e626f,New property any.,Derek Brown,Non-Fiction,2023-08-23,2023-10-09
9e8c937a-2c65-4858-90af-f8816994d01e,Return picture ground.,Tammy Dougherty,Fantasy,2022-02-22,2022-02-25
05a04008-6ab6-4e59-92ac-7ed1f8524bfd,Admit still.,Jerry Mitchell,History,2024-01-06,2024-01-23
fd340676-1b14-4562-80ef-7625e66c8cd7,Check card establish.,Shaun Marks,Non-Fiction,2023-08-28,2023-09-10
e23628b3-c0df-4247-9690-32bc4538f503,Born then.,Carly Case,Science Fiction,2023-09-30,2023-11-15
b24f432f-df43-4a88-a645-6e26c4da8f39,Claim perform when.,Ryan Chase,Fiction,2022-04-30,2022-06-06
2e9d6956-e913-481b-87b6-556744486e7a,Inside relationship five.,Kevin Smith,History,2022-12-20,2023-02-12
22c1b545-7198-45e7-bb62-13b4b21926d6,Sport short ok born.,Gregory Warren,Fiction,2023-07-22,2023-08-02
a9d1c7af-47ea-405b-9ee8-d65bc0c25fcb,Stage adult condition parent Democrat.,Shannon Harper,Children,2022-09-04,2022-10-09
3a834156-1fa1-4e2a-b12f-7ac7b7b1783c,The situation public marriage.,George Howard,Biography,2023-04-04,2023-04-09
8f1ad03e-659a-457f-a676-9f054fea7b01,Like trouble.,Joy Jackson,Children,2024-01-23,2024-02-16
47a2d66a-9af7-4fe4-8f7f-b12807530ecf,Once experience speech ok measure.,Carlos Foster,Fiction,2022-05-24,2022-05-25
add836bb-9350-4e72-98de-662582313b5a,Professional maintain rise.,Richard Ramirez,Mystery,2023-09-10,2023-09-16
5e1e67e6-c2c9-4859-8807-c1111760f14d,Day increase change.,Mike Weber,Children,2022-10-01,2022-10-11
c6c5778b-7089-431a-9856-b3a41e24149c,Eat physical kind study.,Andrew Lynch,Non-Fiction,2023-12-02,2023-12-12
a9bdd0b9-6dd7-44cb-8fef-d84b9a0d76b4,Especially ahead back while help.,David Gill,Biography,2023-06-14,2023-07-26
73dabc5c-cfee-48c6-ae27-7d2a47e4f19e,Either sport officer time.,Scott Shaw,Fantasy,2022-08-19,2022-09-25
3e4c324c-85ad-461c-9cb3-e9dfc9b5ca1b,Half official focus.,Brittany Thornton,History,2023-04-07,2023-05-15
74ce136a-023b-4d20-928d-c8fc2cfa7145,Institution need.,Ronald Hall,Children,2024-01-16,2024-03-15
a41fe36e-3549-4e05-9dac-f798e16e08e0,Agree voice away.,Kimberly Rodriguez,History,2022-05-31,2022-07-22
5061e3ba-ce30-4154-874a-1846366699dd,Which less among wife.,Charles Johnson,Fantasy,2022-06-12,2022-08-09
39995d1c-4803-45a7-a340-55f75ebe1cc7,Old child and.,Daniel Rosales,Biography,2022-08-25,2022-10-12
25228cc7-37b7-4b78-9e03-5859d69ccc55,Begin back shoulder politics child.,Amanda Thomas,Mystery,2022-07-02,2022-08-08
98852720-48af-43f0-85dc-cd43fdb0822f,Hotel local least true experience.,Mr. David Hernandez,Non-Fiction,2022-05-29,2022-07-06
acc7fe11-b0c2-49ae-b50a-a7577cf220fc,Cell feel land soon leg.,Savannah Graham,Fantasy,2023-11-26,2023-12-28
7511e42b-7b66-4883-9eab-c75594cb87a1,Something thought ready prove top.,Laura Harris,History,2023-10-20,2023-11-21
45583380-3cd9-4582-932f-43025d796aeb,Put east still body.,Catherine Erickson,Children,2022-04-30,2022-06-03
e72d1a8a-1f27-420d-b0f1-b166a534155f,Every sound.,Colin Edwards,Children,2022-09-07,2022-10-21
8e2f93e9-f440-4bfa-b879-aa23255626b4,Room business foreign.,Christopher Smith,Non-Fiction,2023-04-14,2023-04-19
fa280963-bcf8-42ea-8d98-7b99357b2951,Explain stuff discussion late on.,Maria Roy,Children,2023-02-06,2023-02-08
367abb93-8fb9-4331-81a9-a1a612ec0a7c,Adult animal.,Andrea Hudson,Fiction,2023-11-15,2024-01-04
64bc46a0-fafd-4cd0-8db8-08241e362347,Entire thought movement.,Aaron Phelps,History,2023-01-06,2023-02-26
7ac5e092-fe39-4150-9d4b-ba5afae10d18,My almost huge.,Darryl Harper,Mystery,2023-07-10,2023-07-24
cc6a4bdc-db05-4e42-a1fe-25a301605ab2,Listen trade help.,Robert Cisneros,Mystery,2022-05-18,2022-07-06
d2e2916c-68af-47c9-86fb-dab7686c4ceb,Moment probably must partner.,Maria May,History,2023-05-14,2023-05-18
7e546aef-d05e-4439-a26f-ea1cb4507cfb,Take indicate.,Joshua Wilson,Biography,2023-11-26,2023-12-07
005f9308-dcbc-43db-b258-e1913075c6eb,Later interview kid.,Erin Dennis,Science Fiction,2023-10-24,2023-12-21
0ccb13a3-a238-4ac3-a8c2-2f70893e5337,View movie.,William Bond,Mystery,2022-02-27,2022-03-27
c22d0586-fa29-4595-bfeb-9af87db21cc4,Same past.,Jeremy Brown,Fiction,2023-09-24,2023-10-29
5d363637-902c-4150-9be2-500514bba1f6,Bank bar picture science.,Nicholas Hunt,Fantasy,2023-03-17,2023-05-11
d5940df6-ba0b-4d17-9a55-8b11d2b380cb,In left work wind.,Sheila King,Biography,2023-02-13,2023-03-23
c65de644-512a-43b6-8fb4-fa1aabe1e89b,Listen check model.,Brenda Vaughan,Non-Fiction,2022-08-22,2022-10-05
e02fe0aa-a95d-4578-bc13-e121ebd60dfa,Different memory truth manager.,Jennifer Maxwell,Mystery,2022-11-02,2022-11-04
24b37d7c-fc63-4627-a818-d6337792834f,Main here space.,Bonnie Hunt,Mystery,2022-11-07,2022-11-09
7b4fdca8-4997-45db-8ca0-93e5f4003d8e,Explain example room.,Linda Bishop,Science Fiction,2022-10-12,2022-11-19
369b6673-f528-4a73-b72e-d8c0c8186fc2,Radio myself usually.,Valerie Vasquez,Non-Fiction,2023-09-01,2023-09-02
0b1d3589-18b3-4212-af0a-1c121a0a8a1d,Land find student hotel.,Debbie Mills,Fiction,2022-05-03,2022-07-01
e3375536-5401-4bae-ad0d-94bf346589bc,Stay method member.,Kenneth Herrera,Science Fiction,2022-06-06,2022-06-29
55f237e1-ac81-4701-8c9f-33b7ee9642c2,Vote response agree.,Bailey Andrade,Mystery,2024-01-18,2024-02-19
80b9a73c-5e71-4efe-abe6-548b38264181,Environmental defense.,Kyle Wood,Non-Fiction,2022-08-16,2022-10-04
a2e26ff9-5b43-45f8-97df-41bf81ca6e9f,Yeah successful plant inside.,Andrea Taylor,Biography,2022-03-28,2022-04-09
c2be4239-8c0a-48f5-9b4a-4d3eb005c057,Show catch true.,Cheryl Levy,Fiction,2022-03-17,2022-04-22
f807ceac-bd46-4b4d-a692-cf05ad19a756,Keep public.,Jessica Taylor,Science Fiction,2022-08-28,2022-10-21
43b088de-84c6-4c73-9007-4d7775899263,His watch student.,Amy Cruz,Science Fiction,2022-11-17,2022-12-18
795bcfca-8a87-4c40-a60d-dfeb0a1ac54e,On mother lawyer.,Olivia Pratt,Non-Fiction,2022-02-24,2022-03-07
472cfa28-8038-4ddc-931f-dee49db8deae,Education various door.,Laura King,Biography,2023-11-09,2023-12-27
d4eacc72-cfef-423c-a487-22456af60e10,Leader home Mr.,Brian Garcia,Fantasy,2022-02-03,2022-02-22
f055fe30-6b3f-424b-b519-70ab24b13f0c,Time executive.,Andrew Sparks,Science Fiction,2022-07-31,2022-09-02
6dd855d8-6a54-49e8-850a-d0d790a7d608,Responsibility family total staff.,Amy Ramos,Children,2022-10-15,2022-11-18
c9fe14d2-d247-49f8-b896-df9f205a1e24,Stuff director.,Matthew Smith,Mystery,2023-03-01,2023-04-18
0f0b2aca-12c6-4a54-be4b-9f5c5f012249,Night ahead his.,Jenna Spencer,Biography,2022-05-05,2022-07-02
ff6d943d-a35c-4868-adc2-5fad145477f6,Since affect ever.,Jamie Cohen,Biography,2023-05-28,2023-06-11
f570084e-8e3f-482e-b073-f944fe74858a,Often well stop possible believe.,Savannah Peterson,Mystery,2023-08-04,2023-08-31
8ef18fc1-5562-4758-a979-1cc6fd716a70,Or factor close their peace.,Andrew Hudson,Mystery,2024-01-07,2024-01-11
dc9fd50e-976b-4fec-9046-671c40a32776,Front be.,Jonathan Jones,Biography,2023-02-05,2023-02-12
0de0545a-a41c-44d4-8b59-2d0c3f449448,Once put great.,Pamela Phillips,Science Fiction,2022-10-02,2022-10-18
c6ddd9d7-f012-4532-9fc8-d0db61d268bb,Prevent form why inside.,Hannah Payne,Children,2024-01-09,2024-03-04
6210474f-4f58-4e18-bb5a-b3ec9a6495f7,Too cultural gas.,David Mendoza,History,2022-12-19,2023-02-01
2cffbc2f-2673-46da-bcad-430e46493da1,Thought be.,Debbie Smith,Biography,2023-06-16,2023-08-07
e30990c4-8234-42ac-b075-b6f8cb79b2ea,Defense decide draw lawyer particularly.,John Tucker,Fantasy,2023-08-11,2023-09-24
5e2ef3af-bb46-468e-ad27-0c4529c12345,Red late performance hundred.,Robert Woods,Science Fiction,2022-10-01,2022-11-23
5f7b7da7-54e2-4799-87d7-21f46afd5a7d,That maybe media.,Tara Palmer,Science Fiction,2023-08-21,2023-10-13
47e674cb-abf8-4bc0-a269-fbefe6683b08,Important center couple.,Felicia Alexander,Science Fiction,2023-09-03,2023-09-05
43bebf29-c16e-49fc-846d-2f621c77a36f,Its plan indicate there administration.,Barbara Schmitt,History,2023-02-10,2023-02-23
214ec0e8-2c51-426b-9397-a4f6e941b775,Energy direction process.,Lisa Becker DVM,Biography,2023-07-15,2023-08-15
55d54bf6-42c5-4203-99a7-62f847d76dfd,Owner building similar apply.,Barbara Trevino,Fantasy,2023-03-27,2023-05-22
52e99c8a-2034-48ba-9b7a-ea4c7592f933,Forget figure bit late.,James Gill,Science Fiction,2022-07-31,2022-08-12
e178338b-bf4d-4f59-8083-8c54feb9c1ac,Voice off safe same.,Paula Gomez,History,2023-08-27,2023-09-09
bfdc617a-3e6e-4622-81b9-dc59d1eb05ce,Southern property return.,Carla Perez,Fiction,2023-09-24,2023-10-15
8db71dc8-e218-478c-ab87-82018b658449,Join look.,Anita Lee,Fantasy,2022-11-19,2022-11-28
fa537e8f-2055-49db-98a8-50a5fdbda543,Last trouble summer clearly.,Chris Holloway,Mystery,2022-07-25,2022-08-04
72790bb3-2404-4cd7-be78-e93bf6cc8aa8,Song away police control boy.,David Evans,Non-Fiction,2023-08-28,2023-09-06
e2820139-e264-4ee5-963f-4ae3f2a3425c,Gas structure.,Michael Woodward,Mystery,2022-09-04,2022-09-12
877b7a13-836b-4ed7-b48b-ce4b9775aa21,Exactly baby.,Jenny Sanchez,Non-Fiction,2022-04-08,2022-04-23
4417d305-e8f5-4c6b-9c20-143ce45df1bd,Red life.,Christopher Gray,Fiction,2024-01-17,2024-02-07
3760f3ce-e259-4278-9e1d-ed9f970a3b07,Woman provide world check.,Mrs. Sherri Allen,Mystery,2022-03-29,2022-04-07
b113dc0c-639d-41e0-a5f1-d0b2ebe708a6,Find only throw.,Craig Horton,History,2023-07-02,2023-07-27
ba2d14db-e465-42ab-9243-1c04f189e884,Article hot world special.,Nancy Gilbert,Children,2023-04-13,2023-04-19
cd6e3838-7c05-43a6-9dc6-a6bdb5e84bd2,Charge modern religious skin thought.,Debra Brown,Biography,2022-07-12,2022-07-24
52601fea-b8d4-4ce2-9fcf-be72116079ce,Itself determine.,Maxwell Dixon,Fantasy,2022-05-23,2022-06-23
afe505fa-8e22-44f6-bce5-745b5405776c,Hour Mr authority each.,David Mayer,Fiction,2023-08-04,2023-09-27
d0f19710-4e90-498b-b032-2fd5ebef7881,Experience off push.,Tristan Watts,Fiction,2023-06-23,2023-07-07
a1fb00af-4749-49e0-be6b-740d0e7b30f6,Us in born begin.,Micheal White,Fantasy,2023-04-30,2023-06-04
95440c34-36eb-4046-b84f-1827f1821cff,Cost use we.,Kayla Moore,History,2022-05-24,2022-06-09
9387abdb-55ab-470c-817a-2fc2f259e5c7,Agree will law.,Justin Michael,Fiction,2023-03-26,2023-04-28
ef105fe3-86fc-48b6-8751-5aaf4c7c2ada,Movie huge thank list.,Bonnie Hudson,Children,2022-09-04,2022-10-06
f2bd10a9-8b61-4c62-95db-d6f339158667,You thousand.,Joseph Garcia,Fantasy,2022-08-24,2022-09-16
946ba3d6-b3a8-408b-9d96-b7267fbefccf,Actually tonight quite ready.,Shawn Gray,History,2023-12-08,2023-12-23
0402c767-75ee-4c6e-90a3-26a13ea36765,Fire us hour.,Robert Cardenas,Mystery,2023-07-12,2023-09-06
2174afd9-a538-4383-8115-69dad4e326b8,Scientist goal light.,Frank Johnson,Biography,2023-09-22,2023-10-25
9d69d242-a81b-41cf-a5e4-301e5a433b75,Stage table see possible available.,Frances Wilson,Non-Fiction,2022-04-20,2022-05-11
a0f973e6-caf7-4b59-8765-5f27305c565e,Work simply best sister member.,Daniel Duncan,Fantasy,2024-01-10,2024-02-14
83a4f9df-4755-4ecc-94de-034104418a89,Commercial specific individual indicate.,Jordan Reyes,Biography,2022-02-08,2022-03-25
65beda07-0762-48c4-954b-a6d3c37f00bb,Me little become car.,Laura Smith,Biography,2023-01-01,2023-01-05
82d31ba3-32d6-4c90-9ae1-039a29989963,Cause occur challenge development someone.,Michael Mclaughlin,Non-Fiction,2022-12-25,2023-02-20
0ece23c7-7fe6-40e8-b2cc-3c37135caf15,Prove piece war question however.,John Palmer,Fiction,2022-08-15,2022-10-02
